"time","x","y","position","velocity","acceleration","jerk","heading"
0,3,12.25,0,0,0,0,0
0.02,3.0044,12.25,0.00440121,0.220061,11.003,550.152,-0.00143315
0.04,3.0088,12.25,0.00880243,0.220061,1.09375e-10,-550.152,-0.0028663
0.06,3.01797,12.25,0.0179693,0.458345,11.9142,595.711,-0.00584777
0.08,3.03163,12.25,0.031626,0.682832,11.2243,-34.4939,-0.0102932
0.1,3.04923,12.25,0.0492309,0.880249,9.87087,-67.6731,-0.0160231
0.12,3.07094,12.25,0.0709417,1.08554,10.2645,19.6806,-0.0230907
0.14,3.09653,12.25,0.096532,1.27951,9.69877,-28.2856,-0.0314186
0.16,3.12606,12.25,0.126061,1.47644,9.84608,7.36501,-0.0410293
0.18,3.15953,12.25,0.159528,1.67336,9.84609,0.000604135,-0.0519227
0.2,3.19692,12.25,0.196924,1.86979,9.82186,-1.2116,-0.0640924
0.22,3.2383,12.25,0.238298,2.06869,9.94461,6.13782,-0.0775571
0.24,3.28358,12.2499,0.28358,2.26413,9.77219,-8.62128,-0.0922976
0.26,3.33281,12.2499,0.332811,2.46155,9.87091,4.93639,-0.10832
0.28,3.38598,12.2498,0.385981,2.65848,9.84645,-1.22331,-0.125624
0.3,3.44308,12.2497,0.443079,2.85491,9.8214,-1.2526,-0.144208
0.32,3.50413,12.2496,0.504135,3.05282,9.89556,3.70813,-0.164079
0.34,3.56912,12.2494,0.56912,3.24926,9.82209,-3.67362,-0.185229
0.36,3.63804,12.2492,0.638044,3.44618,9.84613,1.20213,-0.207661
0.38,3.71004,12.249,0.71004,3.59982,7.68205,-108.204,-0.249202
0.4,3.78465,12.2486,0.784651,3.73051,6.53454,-57.3757,-0.319848
0.42,3.86308,12.2483,0.863087,3.9218,9.56419,151.483,-0.394125
0.44,3.94534,12.2477,0.94535,4.11317,9.56842,0.21116,-0.472022
0.46,4.03143,12.2469,1.03144,4.30454,9.56893,0.0254001,-0.553542
0.48,4.12134,12.2461,1.12135,4.49539,9.54228,-1.33237,-0.638684
0.5,4.21507,12.245,1.21508,4.68679,9.57005,1.38873,-0.727448
0.52,4.31262,12.2438,1.31265,4.87819,9.56995,-0.00518627,-0.81984
0.54,4.41193,12.2423,1.41197,4.96621,4.4012,-258.437,-0.958971
0.56,4.51435,12.2404,1.5144,5.12143,7.76087,167.983,-1.11689
0.58,4.62046,12.2383,1.62054,5.30688,9.27249,75.5814,-1.28056
0.6,4.7303,12.2358,1.73041,5.49349,9.33047,2.89898,-1.44997
0.62,4.84386,12.2327,1.84401,5.6799,9.3206,-0.493675,-1.62512
0.64,4.96112,12.2293,1.96132,5.86561,9.28551,-1.75463,-1.80601
0.66,5.07905,12.2254,2.07931,5.89964,1.7016,-379.195,-2.0562
0.68,5.20053,12.2208,2.20088,6.0783,8.93295,361.567,-2.31512
0.7,5.32563,12.2155,2.32609,6.2604,9.10459,8.58222,-2.58177
0.72,5.45431,12.2095,2.45491,6.44121,9.04072,-3.19351,-2.85615
0.74,5.58592,12.2027,2.5867,6.58935,7.40714,-81.6794,-3.15244
0.76,5.7184,12.195,2.7194,6.63525,2.29502,-255.606,-3.51283
0.78,5.85436,12.1863,2.85563,6.81165,8.81981,326.239,-3.88284
0.8,5.99379,12.1764,2.99541,6.98888,8.86137,2.07768,-4.26245
0.82,6.13638,12.1654,3.13843,7.15083,8.0975,-38.1934,-4.65803
0.84,6.27922,12.1532,3.28179,7.1681,0.863479,-361.701,-5.12969
0.86,6.4254,12.1395,3.42861,7.34107,8.64885,389.269,-5.61272
0.88,6.57489,12.1242,3.57889,7.51368,8.63046,-0.919885,-6.10711
0.9,6.72614,12.1075,3.73105,7.60824,4.72784,-195.131,-6.64502
0.92,6.87879,12.0889,3.88484,7.68927,4.05157,-33.8136,-7.23317
0.94,7.03459,12.0684,4.04198,7.85725,8.39915,217.379,-7.83424
0.96,7.19291,12.0458,4.20189,7.9955,6.91219,-74.3481,-8.46095
0.98,7.35199,12.0212,4.36287,8.04908,2.67903,-211.658,-9.14903
1,7.51404,11.9941,4.52716,8.2143,8.261,279.099,-9.8513
1.02,7.67686,11.9649,4.69259,8.27179,2.87454,-269.323,-10.5714
1.04,7.83784,11.9337,4.85656,8.19838,-3.67051,-327.253,-11.3222
1.06,7.99841,11.9005,5.02052,8.19791,-0.0236043,182.345,-12.073
1.08,8.15825,11.8653,5.18421,8.18427,-0.682015,-32.9206,-12.8296
1.1,8.31727,11.8279,5.34755,8.16732,-0.847083,-8.25335,-13.5933
1.12,8.47578,11.7885,5.51089,8.16701,-0.0156218,41.573,-14.3569
1.14,8.63447,11.7467,5.67499,8.20496,1.89765,95.6636,-15.105
1.16,8.79288,11.7028,5.83937,8.21913,0.70844,-59.4606,-15.8471
1.18,8.95089,11.6568,6.00394,8.2285,0.468354,-12.0043,-16.5853
1.2,9.11089,11.608,6.17121,8.36313,6.73128,313.146,-17.2675
1.22,9.2703,11.5574,6.33848,8.36365,0.0262032,-335.254,-17.9498
1.24,9.43119,11.5041,6.50795,8.47349,5.49193,273.286,-18.5862
1.26,9.59387,11.4484,6.67991,8.59797,6.22389,36.5984,-19.1702
1.28,9.75593,11.391,6.85183,8.59591,-0.10289,-316.339,-19.7543
1.3,9.923,11.3302,7.02962,8.8894,14.6747,738.881,-20.2163
1.32,10.0901,11.2678,7.20801,8.91979,1.51909,-657.782,-20.6674
1.34,10.2612,11.2023,7.39121,9.15991,12.0064,524.368,-21.0178
1.36,10.4386,11.1332,7.58156,9.51731,17.8697,293.161,-21.219
1.38,10.6157,11.0635,7.77188,9.51633,-0.048985,-895.932,-21.4201
1.4,10.7926,10.9932,7.96228,9.51966,0.166558,10.7772,-21.6213
1.42,10.9692,10.9223,8.15262,9.5171,-0.128059,-14.7309,-21.8224
1.44,11.1526,10.8481,8.35039,9.88882,18.5863,935.717,-21.8667
1.46,11.3455,10.7704,8.55831,10.396,25.3609,338.731,-21.7031
1.48,11.5385,10.6933,8.76614,10.3914,-0.233242,-1279.71,-21.5395
1.5,11.7318,10.6168,8.97406,10.3958,0.222726,22.7984,-21.376
1.52,11.9252,10.5408,9.18185,10.3897,-0.305923,-26.4325,-21.2124
1.54,12.1241,10.4637,9.39523,10.6691,13.9675,713.671,-20.9341
1.56,12.3298,10.3858,9.61519,10.998,16.449,124.074,-20.518
1.58,12.536,10.3093,9.83513,10.9966,-0.0701885,-825.958,-20.102
1.6,12.7487,10.2325,10.0612,11.3055,15.4422,775.619,-19.5583
1.62,12.9625,10.1576,10.2878,11.3275,1.10042,-717.089,-19.0059
1.64,13.1788,10.0842,10.5162,11.4208,4.66684,178.321,-18.4142
1.66,13.3988,10.0123,10.7476,11.5717,7.54167,143.741,-17.759
1.68,13.6196,9.94292,10.9791,11.5729,0.063869,-373.89,-17.1038
1.7,13.8436,9.87545,11.213,11.6952,6.11208,302.411,-16.3975
1.72,14.069,9.8106,11.4476,11.7294,1.71153,-220.027,-15.6768
1.74,14.2953,9.74862,11.6822,11.7324,0.15059,-78.047,-14.9528
1.76,14.5237,9.68917,11.9182,11.8001,3.38377,161.659,-14.2038
1.78,14.7528,9.63278,12.1542,11.797,-0.153479,-176.862,-13.4549
1.8,14.9825,9.57937,12.39,11.7918,-0.259914,-5.32173,-12.7082
1.82,15.2128,9.52905,12.6257,11.7836,-0.41071,-7.53978,-11.9652
1.84,15.4436,9.48178,12.8613,11.7814,-0.110703,15.0003,-11.2221
1.86,15.6741,9.43754,13.096,11.7353,-2.30483,-109.706,-10.4987
1.88,15.9045,9.39635,13.3301,11.7015,-1.69064,30.7095,-9.79014
1.9,16.1353,9.35807,13.564,11.6999,-0.0802409,80.5199,-9.08162
1.92,16.3649,9.32277,13.7963,11.6121,-4.39036,-215.506,-8.41036
1.94,16.5939,9.29037,14.0276,11.5633,-2.44147,97.4442,-7.75833
1.96,16.8232,9.26052,14.2588,11.5633,0.00332192,122.24,-7.1063
1.98,17.0506,9.23349,14.4878,11.4512,-5.60457,-280.395,-6.50152
2,17.2772,9.20887,14.7158,11.3953,-2.79546,140.455,-5.92154
2.02,17.5039,9.18654,14.9436,11.39,-0.26629,126.458,-5.34156
2.04,17.7286,9.16677,15.1692,11.281,-5.44875,-259.123,-4.80708
2.06,17.9519,9.14897,15.3931,11.196,-4.25256,59.8095,-4.30941
2.08,18.1752,9.13328,15.617,11.1938,-0.105761,207.34,-3.81174
2.1,18.3971,9.11949,15.8393,11.1182,-3.78225,-183.824,-3.34547
2.12,18.6164,9.10751,16.0589,10.9805,-6.88632,-155.204,-2.93685
2.14,18.8358,9.09718,16.2786,10.9817,0.0605638,347.344,-2.52822
2.16,19.055,9.08839,16.498,10.9695,-0.6104,-33.5482,-2.12549
2.18,19.2699,9.08107,16.713,10.75,-10.9764,-518.301,-1.81123
2.2,19.485,9.07494,16.9281,10.7582,0.412615,569.451,-1.49698
2.22,19.6999,9.06999,17.1432,10.7518,-0.319523,-36.6069,-1.18272
2.24,19.9117,9.06627,17.3549,10.5877,-8.20345,-394.196,-0.938446
2.26,20.1219,9.06332,17.5652,10.5135,-3.71128,224.608,-0.724872
2.28,20.3321,9.06111,17.7754,10.5081,-0.27142,171.993,-0.511298
2.3,20.5409,9.05974,17.9842,10.4411,-3.35152,-154.005,-0.327597
2.32,20.7458,9.05882,18.1891,10.2467,-9.71855,-318.352,-0.224844
2.34,20.9507,9.05841,18.394,10.2466,-0.00406821,485.724,-0.122091
2.36,21.1557,9.0582,18.599,10.2466,-0.000731977,0.166812,-0.0193379
2.38,21.364,9.05821,18.8073,10.4167,8.50362,425.217,0.154286
2.4,21.5731,9.05885,19.0164,10.4561,1.97359,-326.501,0.344339
2.42,21.7822,9.06012,19.2256,10.4563,0.00685947,-98.3366,0.534393
2.44,21.9934,9.06215,19.4367,10.5592,5.14749,257.031,0.767233
2.46,22.2161,9.06574,19.6595,11.1366,28.87,1186.13,1.24033
2.48,22.4387,9.07123,19.8821,11.1334,-0.163503,-1451.68,1.71343
2.5,22.6613,9.0785,20.1049,11.1356,0.113991,13.8747,2.18653
2.52,22.8908,9.08809,20.3345,11.4824,17.337,861.149,2.80273
2.54,23.1259,9.10085,20.57,11.7743,14.5961,-137.043,3.54225
2.56,23.3608,9.11668,20.8054,11.7722,-0.104553,-735.033,4.28178
2.58,23.5956,9.13546,21.041,11.7788,0.332054,21.8303,5.02234
2.6,23.8424,9.15907,21.2889,12.3963,30.8739,1527.09,6.0208
2.62,24.0888,9.18701,21.5368,12.3946,-0.0854726,-1547.97,7.01927
2.64,24.3346,9.21918,21.7847,12.3953,0.0359687,6.07206,8.01774
2.66,24.5865,9.25685,22.0394,12.7344,16.953,845.854,9.15743
2.68,24.8426,9.3007,22.2992,12.9913,12.8458,-205.362,10.4027
2.7,25.0975,9.35023,22.559,12.9866,-0.235236,-654.052,11.648
2.72,25.3539,9.40581,22.8214,13.119,6.61853,342.688,12.9472
2.74,25.6165,9.46951,23.0915,13.5065,19.3757,637.86,14.4099
2.76,25.8773,9.53995,23.3617,13.5104,0.194553,-959.059,15.8726
2.78,26.1365,9.61697,23.6321,13.5183,0.394843,10.0145,17.3394
2.8,26.4007,9.70347,23.9101,13.9,19.0842,934.467,18.9642
2.82,26.6624,9.79745,24.1881,13.9024,0.123731,-948.023,20.589
2.84,26.9212,9.89881,24.4661,13.8972,-0.261223,-19.2477,22.2138
2.86,27.1801,10.009,24.7474,14.0695,8.61524,443.823,23.9103
2.88,27.436,10.127,25.0293,14.0908,1.0633,-377.597,25.6158
2.9,27.6884,10.2526,25.3112,14.0947,0.196062,-43.3617,27.3213
2.92,27.9363,10.3854,25.5924,14.0631,-1.58272,-88.939,29.0138
2.94,28.18,10.5254,25.8735,14.0526,-0.523299,52.9709,30.7032
2.96,28.4195,10.6725,26.1545,14.0539,0.0658138,29.4557,32.3926
2.98,28.6513,10.8243,26.4316,13.8511,-10.1422,-510.403,33.9973
3,28.8776,10.9817,26.7073,13.7862,-3.24129,345.047,35.5766
3.02,29.0997,11.1454,26.9831,13.791,0.239555,174.042,37.1558
3.04,29.312,11.3109,27.2523,13.4614,-16.479,-835.927,38.5983
3.06,29.5185,11.48,27.5193,13.3468,-5.73182,537.358,39.9924
3.08,29.7207,11.6542,27.7861,13.3433,-0.173959,277.893,41.3865
3.1,29.913,11.8278,28.0452,12.9553,-19.4025,-961.426,42.6177
3.12,30.0993,12.0029,28.3009,12.7846,-8.53203,543.523,43.7782
3.14,30.282,12.1819,28.5566,12.7839,-0.0353807,424.832,44.9387
3.16,30.4557,12.3587,28.8045,12.3937,-19.5131,-973.888,45.9366
3.18,30.6234,12.5351,29.0479,12.1692,-11.2219,414.563,46.8398
3.2,30.7883,12.714,29.2912,12.1673,-0.0948481,556.351,47.743
3.22,30.9459,12.8905,29.5278,11.8278,-16.9761,-844.061,48.5045
3.24,31.0976,13.0642,29.7585,11.5343,-14.6754,115.032,49.1437
3.26,31.2473,13.2397,29.9891,11.5315,-0.138812,726.831,49.7828
3.28,31.3919,13.4128,30.2147,11.2778,-12.685,-627.311,50.3138
3.3,31.5304,13.5813,30.4327,10.9042,-18.6834,-299.917,50.6906
3.32,31.6678,13.7506,30.6508,10.9035,-0.0322423,932.557,51.0674
3.34,31.802,13.9182,30.8656,10.7377,-8.29114,-412.945,51.3752
3.36,31.9301,14.0791,31.0712,10.2813,-22.8205,-726.467,51.4928
3.38,32.0578,14.2403,31.2769,10.2837,0.121121,1147.08,51.6104
3.4,32.1842,14.4007,31.4811,10.2117,-3.59953,-186.032,51.6999
3.42,32.304,14.5524,31.6744,9.66547,-27.3122,-1185.64,51.5592
3.44,32.4241,14.7037,31.8676,9.65934,-0.306439,1350.29,51.4186
3.46,32.5447,14.8549,32.0609,9.66684,0.375162,34.0801,51.2779
3.48,32.6584,14.996,32.2421,9.06051,-30.3169,-1534.6,50.8881
3.5,32.7727,15.136,32.4229,9.03576,-1.23703,1453.99,50.4865
3.52,32.8879,15.2752,32.6036,9.03595,0.00936874,62.3198,50.0849
3.54,32.9978,15.4054,32.7739,8.5179,-25.9025,-1295.6,49.4663
3.56,33.1074,15.5326,32.9418,8.39566,-6.11226,989.514,48.7989
3.58,33.2187,15.6585,33.1099,8.40141,0.287564,319.991,48.1314
3.6,33.3253,15.7763,33.2688,7.94526,-22.8075,-1154.75,47.2752
3.62,33.4313,15.8894,33.4238,7.75074,-9.72592,654.077,46.3393
3.64,33.5391,16.001,33.5789,7.75767,0.346754,503.634,45.4035
3.66,33.6432,16.1051,33.7262,7.36137,-19.8153,-1008.1,44.3046
3.68,33.7462,16.2037,33.8687,7.12763,-11.6868,406.426,43.1073
3.7,33.851,16.3002,34.0112,7.12348,-0.207439,573.969,41.91
3.72,33.9531,16.3901,34.1472,6.80217,-16.0655,-792.902,40.5769
3.74,34.0537,16.4743,34.2784,6.55995,-12.1109,197.727,39.1438
3.76,34.1564,16.556,34.4097,6.56388,0.196023,615.349,37.7107
3.78,34.2572,16.6322,34.536,6.31641,-12.3732,-628.463,36.1757
3.8,34.3569,16.7031,34.6584,6.11742,-9.94964,121.18,34.5589
3.82,34.4586,16.7711,34.7808,6.11857,0.0577936,500.372,32.9421
3.84,34.5599,16.8349,34.9004,5.98292,-6.78248,-342.014,31.269
3.86,34.6612,16.8944,35.0179,5.87349,-5.47149,65.5495,29.5485
3.88,34.7642,16.9508,35.1353,5.8713,-0.109764,268.086,27.828
3.9,34.8687,17.004,35.2527,5.86695,-0.217686,-5.39606,26.1048
3.92,34.9747,17.0539,35.3698,5.85724,-0.485483,-13.3899,24.3793
3.94,35.0822,17.1007,35.487,5.8597,0.12342,30.4452,22.6538
3.96,35.1929,17.1449,35.6062,5.96216,5.12291,249.975,20.9717
3.98,35.3072,17.1867,35.728,6.08582,6.18287,52.9979,19.3405
4,35.4226,17.2252,35.8496,6.08174,-0.204044,-319.346,17.7094
4.02,35.5418,17.2613,35.9741,6.22686,7.25597,373.001,16.1372
4.04,35.6674,17.2956,36.1043,6.50873,14.0937,341.885,14.6819
4.06,35.7937,17.3268,36.2344,6.50618,-0.127673,-711.067,13.2266
4.08,35.9221,17.3551,36.3659,6.57502,3.44213,178.49,11.7994
4.1,36.0607,17.3822,36.5071,7.05962,24.2302,1039.4,10.5733
4.12,36.1997,17.4064,36.6482,7.05663,-0.149927,-1219.01,9.34718
4.14,36.3393,17.4276,36.7894,7.05654,-0.00413299,7.28969,8.12108
4.16,36.4891,17.4473,36.9404,7.55319,24.8321,1241.81,7.101
4.18,36.6415,17.4647,37.0939,7.67227,5.95413,-943.899,6.13095
4.2,36.7942,17.4795,37.2473,7.66922,-0.152256,-305.319,5.16089
4.22,36.952,17.4922,37.4056,7.91491,12.2843,621.826,4.29101
4.24,37.1178,17.5034,37.5717,8.30871,19.6898,370.279,3.58716
4.26,37.2837,17.5125,37.738,8.31105,0.117433,-978.62,2.88332
4.28,37.4498,17.5195,37.9042,8.30995,-0.0549667,-8.62,2.17948
4.3,37.627,17.5252,38.0815,8.86464,27.7343,1389.46,1.70626
4.32,37.8063,17.5296,38.2608,8.96911,5.22351,-1125.54,1.27544
4.34,37.9856,17.5326,38.4402,8.96754,-0.0787571,-265.114,0.844612
4.36,38.1681,17.5343,38.6226,9.12268,7.75726,391.801,0.48093
4.38,38.3614,17.5353,38.8159,9.66362,27.047,964.489,0.340699
4.4,38.5546,17.5359,39.0092,9.66352,-0.0053109,-1352.62,0.200468
4.42,38.7479,17.536,39.2025,9.66347,-0.00225789,0.15265,0.0602364
4.44,38.9274,17.5369,39.382,8.97715,-34.3162,-1715.7,-0.366028
4.46,39.0966,17.5369,39.5512,8.46027,-25.8441,423.605,-1.00768
4.48,39.2658,17.5351,39.7204,8.46107,0.0401304,1294.21,-1.64932
4.5,39.4351,17.5314,39.8897,8.46314,0.103433,3.16514,-2.29097
4.52,39.6041,17.5258,40.0588,8.45639,-0.337351,-22.0392,-2.93262
4.54,39.7065,17.5211,40.1614,5.12717,-166.461,-8306.17,-4.96402
4.56,39.8012,17.5131,40.2564,4.75227,-18.7451,7385.79,-7.15139
4.58,39.8956,17.5015,40.3514,4.75047,-0.0903183,932.737,-9.33876
4.6,39.9893,17.4864,40.4464,4.74898,-0.074146,0.808617,-11.5261
4.62,40.0424,17.4768,40.5003,2.69598,-102.65,-5128.79,-14.5704
4.64,40.0571,17.4744,40.5152,0.746379,-97.4803,258.481,-18.4296
4.66,40.0716,17.4712,40.5301,0.741792,-0.229349,4862.55,-22.2889
4.68,40.0859,17.4668,40.545,0.747353,0.27803,25.3689,-26.1481
4.7,40.0738,17.4753,40.5598,0.738225,-0.456404,-36.7217,-30.6197
4.72,40.0382,17.4994,40.6028,2.15059,70.6184,3553.74,-35.6823
4.74,40.0048,17.5264,40.6457,2.14739,-0.159924,-3538.92,-40.7448
4.76,39.9739,17.5564,40.6887,2.14875,0.067953,11.3938,-45.8074
4.78,39.9525,17.5789,40.7198,1.55586,-29.6445,-1485.62,-50.622
4.8,39.9353,17.5997,40.7469,1.35194,-10.1963,972.412,-55.3522
4.82,39.9198,17.6219,40.774,1.35359,0.0824288,513.936,-60.0823
4.84,39.9062,17.6453,40.801,1.35413,0.0270448,-2.7692,-64.8125
4.86,39.919,17.6108,40.8379,1.84128,24.3577,1216.53,-68.2135
4.88,39.9316,17.5712,40.8794,2.07717,11.7944,-628.165,-71.5159
4.9,39.9418,17.531,40.9209,2.07419,-0.149137,-597.178,-74.8183
4.92,39.9497,17.4902,40.9625,2.07915,0.248167,19.8652,-78.1206
4.94,39.966,17.3936,41.0605,4.90063,141.074,7041.3,-80.245
4.96,39.9812,17.2842,41.1709,5.52117,31.0267,-5502.37,-82.1118
4.98,39.993,17.1744,41.2813,5.51928,-0.0941139,-1556.04,-83.9787
5,40.001,17.0644,41.3916,5.51757,-0.0858568,0.412854,-85.8455
5.02,40.0068,16.9328,41.5234,6.58744,53.4936,2678.97,-87.2686
5.04,40.0122,16.7631,41.6931,8.48616,94.9358,2072.11,-87.8997
5.06,40.0159,16.5935,41.8628,8.48294,-0.160713,-4754.83,-88.5309
5.08,40.0176,16.4238,42.0325,8.48596,0.15113,15.5922,-89.1621
5.1,40.0175,16.2541,42.2022,8.4853,-0.0331978,-9.21642,-89.7933
5.12,40.0177,16.0812,42.375,8.64171,7.82034,392.677,-90.3593
5.14,40.0172,15.9069,42.5494,8.71764,3.79659,-201.188,-90.8937
5.16,40.0153,15.7325,42.7238,8.7186,0.0481796,-187.42,-91.428
5.18,40.0115,15.5583,42.8981,8.71535,-0.162824,-10.5502,-91.9623
5.2,40.0062,15.384,43.0724,8.71778,0.12169,14.2257,-92.4966
5.22,40.0007,15.2508,43.2058,6.66706,-102.536,-5132.88,-93.8858
5.24,39.9923,15.1285,43.3283,6.12821,-26.9424,3779.68,-95.5003
5.26,39.9804,15.0066,43.4508,6.12321,-0.249954,1334.62,-97.1147
5.28,39.9651,14.8851,43.5733,6.12566,0.122555,18.6254,-98.7292
5.3,39.9478,14.7722,43.6875,5.70829,-20.8688,-1049.57,-100.518
5.32,39.9374,14.714,43.7466,2.95733,-137.548,-5833.97,-103.453
5.34,39.9239,14.6564,43.8057,2.95462,-0.135245,6870.65,-106.389
5.36,39.9075,14.5996,43.8648,2.95522,0.0301488,8.26968,-109.325
5.38,39.8883,14.5437,43.9239,2.95615,0.0464791,0.816517,-112.26
5.4,39.8896,14.542,43.9261,0.108305,-142.392,-7121.94,-116.405
5.42,39.896,14.5506,43.9368,0.536,21.3848,8188.86,-120.792
5.44,39.903,14.5587,43.9475,0.534643,-0.067876,-1072.63,-125.179
5.46,39.9104,14.5662,43.9581,0.529313,-0.26652,-9.93218,-129.566
5.48,39.933,14.5911,43.9917,1.67935,57.502,2888.42,-134.432
5.5,39.96,14.6167,44.0289,1.86131,9.09798,-2420.2,-139.375
5.52,39.989,14.64,44.0661,1.86075,-0.0281196,-456.305,-144.318
5.54,40.02,14.6606,44.1034,1.86256,0.0905676,5.93436,-149.261
5.56,40.0092,14.6569,44.1148,0.570222,-64.6169,-3235.37,-153.194
5.58,39.9975,14.6535,44.127,0.60964,1.97091,3329.39,-157.109
5.6,39.9856,14.651,44.1392,0.610271,0.0315249,-96.9695,-161.024
5.62,39.9734,14.6492,44.1515,0.613853,0.179111,7.37933,-164.939
5.64,39.8958,14.6326,44.2308,3.96934,167.774,8379.76,-167.451
5.66,39.8075,14.6169,44.3205,4.48374,25.7202,-7102.7,-169.751
5.68,39.7187,14.6048,44.4102,4.48154,-0.110078,-1291.51,-172.051
5.7,39.6295,14.5961,44.4998,4.48042,-0.0561964,2.69409,-174.351
5.72,39.5163,14.5894,44.6131,5.66835,59.3965,2972.63,-176.156
5.74,39.3575,14.5819,44.7722,7.953,114.232,2741.8,-177.008
5.76,39.1984,14.5767,44.9313,7.95661,0.180961,-5702.57,-177.86
5.78,39.0393,14.5739,45.0905,7.95749,0.0438522,-6.85544,-178.712
5.8,38.8802,14.5735,45.2495,7.95322,-0.213566,-12.8709,-179.565
5.82,38.7051,14.5741,45.4246,8.75455,40.0663,2013.99,179.916
5.84,38.5133,14.5744,45.6164,9.58964,41.7547,84.4198,179.745
5.86,38.3217,14.5752,45.8081,9.58233,-0.365489,-2106.01,179.573
5.88,38.1299,14.5766,45.9999,9.58988,0.377194,37.1341,179.402
5.9,37.949,14.5787,46.1808,9.04799,-27.0942,-1373.57,179.005
5.92,37.7711,14.5822,46.3587,8.89568,-7.61544,973.936,178.544
5.94,37.5932,14.5872,46.5366,8.895,-0.0339377,379.075,178.084
5.96,37.417,14.5935,46.713,8.81837,-3.83164,-189.885,177.591
5.98,37.2523,14.6012,46.8778,8.24199,-28.8191,-1249.37,176.858
6,37.0878,14.6109,47.0427,8.24106,-0.0464179,1438.63,176.126
6.02,36.9234,14.6229,47.2075,8.24262,0.0776661,6.2042,175.393
6.04,36.766,14.6364,47.3655,7.89724,-17.269,-867.333,174.518
6.06,36.6146,14.6519,47.5177,7.61006,-14.3587,145.517,173.521
6.08,36.4637,14.6702,47.6697,7.60289,-0.358828,699.991,172.523
6.1,36.3137,14.691,47.8211,7.57139,-1.57472,-60.7947,171.511
6.12,36.1753,14.7129,47.9612,7.0017,-28.4843,-1345.48,170.262
6.14,36.0376,14.7378,48.1012,7.00087,-0.0417251,1422.13,169.012
6.16,35.9004,14.7658,48.2412,7.00078,-0.00461328,1.85559,167.763
6.18,35.771,14.7952,48.3739,6.63379,-18.3495,-917.246,166.36
6.2,35.6456,14.8271,48.5033,6.46981,-8.19912,507.521,164.889
6.22,35.5211,14.8623,48.6327,6.46845,-0.0676383,406.574,163.418
6.24,35.4008,14.8997,48.7587,6.30075,-8.38498,-415.867,161.876
6.26,35.2858,14.939,48.8802,6.07588,-11.2438,-142.942,160.241
6.28,35.172,14.9816,49.0017,6.07518,-0.0346838,560.457,158.605
6.3,35.0603,15.027,49.1223,6.02834,-2.3423,-115.381,156.95
6.32,34.9528,15.0748,49.2399,5.88358,-7.23779,-244.774,155.235
6.34,34.8467,15.1256,49.3576,5.88108,-0.125024,355.638,153.52
6.36,34.742,15.1796,49.4753,5.88981,0.436728,28.0876,151.807
6.38,34.6383,15.2374,49.594,5.9328,2.14935,85.6311,150.112
6.4,34.5364,15.298,49.7126,5.93175,-0.052757,-110.105,148.417
6.42,34.436,15.3619,49.8316,5.94796,0.810877,43.1817,146.727
6.44,34.3333,15.4315,49.9557,6.20711,12.9575,607.332,145.147
6.46,34.2324,15.5039,50.0799,6.20696,-0.0078566,-648.269,143.568
6.48,34.1336,15.5792,50.2041,6.20962,0.133374,7.06151,141.988
6.5,34.03,15.6626,50.3371,6.65294,22.1658,1101.62,140.593
6.52,33.9281,15.7486,50.4705,6.66592,0.649185,-1075.83,139.204
6.54,33.8284,15.8371,50.6037,6.66301,-0.14582,-39.7502,137.814
6.56,33.7233,15.9346,50.7471,7.16797,25.2479,1269.69,136.633
6.58,33.6194,16.0352,50.8918,7.23538,3.37063,-1093.87,135.481
6.6,33.5174,16.1378,51.0365,7.23398,-0.0700827,-172.036,134.329
6.62,33.4109,16.2491,51.1905,7.70068,23.3349,1170.25,133.372
6.64,33.304,16.3643,51.3476,7.85642,7.78736,-777.378,132.478
6.66,33.1991,16.4812,51.5047,7.85672,0.0148614,-388.625,131.584
6.68,33.0908,16.6053,51.6694,8.23272,18.7998,939.249,130.849
6.7,32.9807,16.7345,51.8391,8.48733,12.7305,-303.465,130.218
6.72,32.872,16.8649,52.0089,8.48844,0.0555588,-633.749,129.588
6.74,32.7614,17.0003,52.1837,8.74203,12.6795,631.197,129.064
6.76,32.6473,17.1424,52.366,9.11268,18.5325,292.65,128.694
6.78,32.534,17.2851,52.5482,9.10953,-0.157409,-934.496,128.323
6.8,32.4201,17.4305,52.7329,9.2356,6.30345,323.043,128.004
6.82,32.3007,17.584,52.9273,9.7216,24.3002,899.839,127.889
6.84,32.1816,17.7377,53.1218,9.72425,0.132391,-1208.39,127.774
6.86,32.0629,17.8917,53.3163,9.72389,-0.0180531,-7.5222,127.659
6.88,31.9367,18.0551,53.5227,10.3205,29.8326,1492.53,127.793
6.9,31.81,18.2185,53.7295,10.3393,0.936419,-1444.81,127.933
6.92,31.683,18.3815,53.9361,10.3327,-0.329188,-63.2804,128.073
6.94,31.5494,18.5515,54.1523,10.8065,23.6892,1200.92,128.408
6.96,31.4129,18.7227,54.3713,10.951,7.22614,-823.153,128.805
6.98,31.2752,18.8932,54.5904,10.9566,0.280798,-347.267,129.203
7,31.1318,19.0679,54.8164,11.3005,17.1957,845.745,129.746
7.02,30.9828,19.2454,55.0482,11.5897,14.4589,-136.841,130.408
7.04,30.8318,19.4212,55.2799,11.5851,-0.227633,-734.325,131.069
7.06,30.6753,19.5988,55.5166,11.8357,12.5257,637.665,131.832
7.08,30.5109,19.7798,55.7612,12.2277,19.6036,353.897,132.762
7.1,30.3436,19.9582,56.0058,12.2295,0.090589,-975.65,133.691
7.12,30.1711,20.1361,56.2536,12.3887,7.95706,393.324,134.685
7.14,29.9886,20.3173,56.5107,12.8591,23.5203,778.164,135.877
7.16,29.8022,20.4946,56.768,12.8609,0.0889249,-1171.57,137.07
7.18,29.611,20.6691,57.0268,12.9428,4.0975,200.429,138.297
7.2,29.4082,20.8455,57.2956,13.4402,24.8677,1038.51,139.73
7.22,29.201,21.0168,57.5644,13.4392,-0.0465136,-1245.71,141.163
7.24,28.9892,21.1833,57.8338,13.4717,1.6251,83.5808,142.609
7.26,28.7662,21.349,58.1117,13.8915,20.9868,968.083,144.231
7.28,28.5386,21.5083,58.3895,13.8907,-0.0388174,-1051.28,145.853
7.3,28.3065,21.6611,58.6674,13.8934,0.135431,8.7124,147.476
7.32,28.0656,21.8097,58.9504,14.1531,12.983,642.376,149.207
7.34,27.8204,21.9509,59.2334,14.1507,-0.120663,-655.181,150.937
7.36,27.5709,22.0848,59.5165,14.1554,0.236958,17.8811,152.667
7.38,27.3172,22.211,59.7999,14.1682,0.640851,20.1946,154.405
7.4,27.0598,22.3295,60.0833,14.1712,0.150257,-24.5297,156.143
7.42,26.7989,22.4401,60.3667,14.1678,-0.169028,-15.9643,157.881
7.44,26.5384,22.5415,60.6462,13.9765,-9.56573,-469.835,159.538
7.46,26.2757,22.6351,60.9251,13.9424,-1.7062,392.976,161.181
7.48,26.0104,22.7212,61.204,13.9454,0.150051,92.8128,162.824
7.5,25.7486,22.798,61.4768,13.6422,-15.158,-765.405,164.342
7.52,25.4875,22.8674,61.747,13.5104,-6.59096,428.354,165.805
7.54,25.2246,22.9302,62.0172,13.5112,0.0364474,331.37,167.269
7.56,24.9651,22.9852,62.2826,13.2652,-12.2956,-616.601,168.629
7.58,24.7107,23.0333,62.5415,12.9455,-15.9864,-184.541,169.857
7.6,24.4553,23.076,62.8004,12.9481,0.131508,805.895,171.085
7.62,24.2,23.113,63.0584,12.8967,-2.57058,-135.104,172.293
7.64,23.9555,23.1437,63.3048,12.321,-28.7872,-1310.83,173.259
7.66,23.7107,23.1702,63.5511,12.3138,-0.361068,1421.31,174.224
7.68,23.4653,23.1927,63.7975,12.3197,0.29621,32.8639,175.19
7.7,23.2276,23.2107,64.0359,11.9204,-19.9638,-1013,175.991
7.72,22.9948,23.2253,64.2691,11.6626,-12.8896,353.708,176.684
7.74,22.7617,23.237,64.5025,11.668,0.267612,657.863,177.378
7.76,22.5291,23.246,64.7353,11.6413,-1.33428,-80.0947,178.063
7.78,22.3093,23.2523,64.9551,10.9926,-32.435,-1555.03,178.477
7.8,22.0894,23.2571,65.1751,10.9958,0.162442,1629.87,178.891
7.82,21.8696,23.2602,65.395,10.9945,-0.0665713,-11.4507,179.305
7.84,21.6549,23.2618,65.6096,10.7346,-12.9939,-646.368,179.611
7.86,21.4493,23.2627,65.8152,10.2785,-22.8083,-490.72,179.727
7.88,21.2437,23.2631,66.0208,10.2784,-0.0029994,1140.27,179.843
7.9,21.0381,23.2631,66.2264,10.2808,0.118992,6.09957,179.96
7.92,20.8378,23.2631,66.4267,10.0144,-13.319,-671.901,179.966
7.94,20.6403,23.2633,66.6242,9.87521,-6.95925,317.989,179.914
7.96,20.4428,23.2637,66.8217,9.87523,0.000749998,348,179.862
7.98,20.2449,23.2643,67.0196,9.89685,1.08117,54.0211,179.819
8,20.0466,23.265,67.218,9.91607,0.960743,-6.02145,179.784
8.02,19.8483,23.2658,67.4162,9.91349,-0.129069,-54.4906,179.75
8.04,19.6497,23.2668,67.6148,9.92813,0.732214,43.0641,179.72
8.06,19.4507,23.2678,67.8138,9.95213,1.19991,23.385,179.7
8.08,19.2517,23.2689,68.0129,9.95215,0.00131249,-59.9301,179.68
8.1,19.0524,23.2701,68.2121,9.96178,0.481403,24.0045,179.664
8.12,18.8528,23.2713,68.4118,9.98338,1.07992,29.926,179.657
8.14,18.6531,23.2724,68.6114,9.98338,-1.42615e-09,-53.9961,179.65
8.16,18.4533,23.2736,68.8113,9.99058,0.359974,17.9987,179.646
8.18,18.2531,23.2749,69.0115,10.0098,0.961494,30.076,179.65
8.2,18.0529,23.2762,69.2117,10.0122,0.118429,-42.1532,179.655
8.22,17.8524,23.2774,69.4121,10.0218,0.479966,18.0768,179.664
8.24,17.6517,23.2785,69.6129,10.0385,0.838502,17.9268,179.68
8.26,17.4509,23.2796,69.8137,10.0385,4.54544e-08,-41.9251,179.696
8.28,17.2499,23.2807,70.0147,10.0505,0.599957,29.9978,179.717
8.3,17.0486,23.2816,70.2159,10.0625,0.597457,-0.124984,179.743
8.32,16.8473,23.2825,70.4172,10.0649,0.119991,-23.8733,179.77
8.34,16.6457,23.2832,70.6189,10.0817,0.83794,35.8974,179.804
8.36,16.444,23.2839,70.8206,10.0865,0.239983,-29.8979,179.84
8.38,16.2422,23.2844,71.0224,10.0912,0.238483,-0.0749716,179.878
8.4,16.04,23.2847,71.2246,10.108,0.83894,30.0228,179.923
8.42,15.8378,23.2849,71.4268,10.1104,0.119679,-35.963,179.969
8.44,15.6354,23.2849,71.6292,10.12,0.479715,18.0018,-179.981
8.46,15.4328,23.2848,71.8317,10.1272,0.360036,-5.98395,-179.928
8.48,15.2303,23.2845,72.0343,10.1296,0.120491,-11.9772,-179.874
8.5,15.0274,23.2839,72.2372,10.144,0.721636,30.0572,-179.814
8.52,14.8245,23.2832,72.4401,10.1441,0.00081251,-36.0412,-179.754
8.54,14.6216,23.2822,72.643,10.1441,0.00318761,0.118755,-179.694
8.56,14.4187,23.2809,72.8459,10.1466,0.122741,5.97769,-179.633
8.58,14.2158,23.2796,73.0488,10.1442,-0.118429,-12.0585,-179.573
8.6,14.013,23.278,73.2516,10.1419,-0.114553,0.193807,-179.514
8.62,13.8101,23.2762,73.4545,10.142,0.00424985,5.94016,-179.455
8.64,13.6073,23.274,73.6574,10.1445,0.127303,6.15265,-179.395
8.66,13.4045,23.2718,73.8601,10.1372,-0.367288,-24.7295,-179.336
8.68,13.2023,23.2694,74.0624,10.1135,-1.18416,-40.8437,-179.289
8.7,13.0002,23.2668,74.2645,10.1064,-0.353725,41.5219,-179.245
8.72,12.798,23.264,74.4667,10.1089,0.123304,23.8514,-179.2
8.74,12.5959,23.2611,74.6688,10.1066,-0.112992,-11.8148,-179.156
8.76,12.3943,23.258,74.8704,10.0804,-1.31241,-59.9707,-179.123
8.78,12.1935,23.2549,75.0712,10.0394,-2.04984,-36.8717,-179.105
8.8,11.9926,23.2517,75.2721,10.0469,0.373898,121.187,-179.086
8.82,11.7917,23.2483,75.4731,10.047,0.00406185,-18.4918,-179.067
8.84,11.5911,23.245,75.6738,10.0348,-0.60994,-30.7001,-179.051
8.86,11.3914,23.2417,75.8734,9.98216,-2.62983,-100.994,-179.059
8.88,11.1918,23.2384,76.0731,9.98216,1.00253e-08,131.491,-179.067
8.9,10.9923,23.2351,76.2727,9.97976,-0.119991,-5.99957,-179.076
8.92,10.7927,23.2319,76.4722,9.97708,-0.134039,-0.702363,-179.084
8.94,10.5937,23.2288,76.6713,9.95328,-1.18993,-52.7945,-179.104
8.96,10.3951,23.2257,76.8699,9.93161,-1.08386,5.30346,-179.133
8.98,10.1965,23.2227,77.0685,9.93153,-0.00381205,54.0024,-179.162
9,9.99792,23.2198,77.2671,9.92886,-0.133669,-6.49287,-179.19
9.02,9.79929,23.217,77.4658,9.93288,0.201413,16.7541,-179.219
9.04,9.60103,23.2144,77.664,9.91352,-0.968365,-58.4889,-179.255
9.06,9.40282,23.2119,77.8623,9.91149,-0.101493,43.3436,-179.292
9.08,9.20466,23.2095,78.0604,9.90853,-0.148052,-2.32793,-179.33
9.1,9.00672,23.2072,78.2584,9.89757,-0.547901,-19.9924,-179.369
9.12,8.81176,23.2052,78.4534,9.74887,-7.43509,-344.359,-179.407
9.14,8.62079,23.2033,78.6443,9.54877,-10.0046,-128.476,-179.445
9.16,8.43383,23.2015,78.8313,9.34874,-10.002,0.132586,-179.483
9.18,8.25076,23.1999,79.0144,9.15345,-9.76415,11.8901,-179.519
9.2,8.07161,23.1984,79.1935,8.95822,-9.76178,0.118763,-179.553
9.22,7.89639,23.1971,79.3688,8.76104,-9.85862,-4.84197,-179.586
9.24,7.72518,23.1959,79.54,8.56051,-10.0265,-8.39573,-179.619
9.26,7.55778,23.1948,79.7074,8.37058,-9.49649,26.502,-179.648
9.28,7.39437,23.1939,79.8708,8.17056,-10.0014,-25.2442,-179.677
9.3,7.23491,23.1931,80.0303,7.9729,-9.88262,5.93786,-179.705
9.32,7.07932,23.1923,80.1858,7.77961,-9.6649,10.886,-179.73
9.34,6.92767,23.1916,80.3375,7.58248,-9.8561,-9.56018,-179.754
9.36,6.77993,23.191,80.4852,7.38726,-9.761,4.75505,-179.776
9.38,6.63618,23.1905,80.629,7.18725,-10.0009,-11.9932,-179.798
9.4,6.49634,23.19,80.7688,6.99205,-9.75996,12.0455,-179.818
9.42,6.36036,23.1896,80.9048,6.79923,-9.64078,5.95863,-179.835
9.44,6.22838,23.1892,81.0368,6.59923,-9.99996,-17.9586,-179.852
9.46,6.10034,23.1889,81.1648,6.40162,-9.88064,5.96573,-179.868
9.48,5.97631,23.1887,81.2889,6.20161,-10.0005,-5.99156,-179.884
9.5,5.85609,23.1884,81.4091,6.01122,-9.5195,24.0484,-179.896
9.52,5.73986,23.1882,81.5253,5.81121,-10.0005,-24.05,-179.908
9.54,5.6276,23.1881,81.6376,5.6131,-9.90533,4.75889,-179.919
9.56,5.51928,23.1879,81.7459,5.41601,-9.85466,2.53328,-179.929
9.58,5.41495,23.1878,81.8502,5.2165,-9.97534,-6.03402,-179.939
9.6,5.31458,23.1877,81.9506,5.0184,-9.905,3.51683,-179.948
9.62,5.21808,23.1876,82.0471,4.8251,-9.66502,11.9992,-179.954
9.64,5.12556,23.1876,82.1396,4.6261,-9.95013,-14.2554,-179.96
9.66,5.03706,23.1875,82.2281,4.4251,-10.0499,-4.98652,-179.966
9.68,4.9525,23.1875,82.3127,4.228,-9.85515,9.7355,-179.971
9.7,4.87194,23.1874,82.3932,4.028,-9.99985,-7.23479,-179.976
9.72,4.79537,23.1874,82.4698,3.8285,-9.97515,1.23452,-179.981
9.74,4.72277,23.1874,82.5424,3.6299,-9.93001,2.25731,-179.985
9.76,4.65407,23.1874,82.6111,3.4352,-9.73502,9.74957,-179.987
9.78,4.58936,23.1874,82.6758,3.2352,-10,-13.2491,-179.989
9.8,4.52861,23.1874,82.7366,3.0376,-9.88001,5.99957,-179.99
9.82,4.47187,23.1874,82.7933,2.8371,-10.025,-7.24957,-179.991
9.84,4.41912,23.1874,82.8461,2.6376,-9.975,2.5,-179.992
9.86,4.37041,23.1873,82.8948,2.43521,-10.1197,-7.23674,-179.994
9.88,4.32565,23.1873,82.9395,2.2381,-9.85527,13.2235,-179.995
9.9,4.28491,23.1873,82.9803,2.0371,-10.05,-9.73674,-179.996
9.92,4.24811,23.1873,83.0171,1.84,-9.85501,9.74957,-179.996
9.94,4.21537,23.1873,83.0498,1.6371,-10.145,-14.4991,-179.997
9.96,4.18659,23.1873,83.0786,1.4386,-9.925,10.9996,-179.998
9.98,4.16188,23.1873,83.1033,1.2355,-10.155,-11.5004,-179.998
10,4.14117,23.1873,83.124,1.0356,-9.99499,8.00086,-179.999
10.02,4.12442,23.1873,83.1408,0.8375,-9.90501,4.49914,-179.999
10.04,4.11186,23.1873,83.1533,0.628,-10.475,-28.4996,-179.999
10.06,4.1045,23.1873,83.1607,0.3681,-12.995,-126,-180
10.08,4.10003,23.1873,83.1651,0.2235,-7.23001,288.249,-180
